"","baseMean","log2FoldChange","lfcSE","stat","pvalue","padj"
"YDR033W",526.109394517564,3.59813243531049,0.0928952916912081,38.7332056318956,0,0
"YDR077W",4179.92901149241,3.77752034201114,0.0313871515672114,120.352442110654,0,0
"YDR345C",3777.27067551678,1.01048048157509,0.0214132352248243,47.1895288575376,0,0
"YOR153W",954.798507161321,2.49574619795024,0.0578354893519138,43.1525042135337,0,0
"YGL008C",3291.41129231876,1.05316155349949,0.0233962423243819,45.0141325644398,0,0
"YGR192C",26889.525396131,1.12763283255898,0.00743447516041142,151.676185369967,0,0
"YLL026W",1172.62834268491,1.88999651819683,0.0484071472057221,39.0437492662946,0,0
"YLR058C",816.880593995117,3.14260778180948,0.0693264900386778,45.3305479630686,0,0
"YPL061W",2424.58531014806,1.49109132566669,0.0296200271470481,50.3406468287216,0,0
"YML123C",901.703635217256,5.05539898317969,0.102427987352045,49.3556411081699,0,0
"YMR120C",530.148365325121,3.69701140372594,0.0951142086654016,38.8691811202625,0,0
"YBR196C",2783.6673450039,1.03336885100123,0.0264317272612054,39.0957745889704,0,0
"YJL052W",1582.09390513418,1.44746821516495,0.0385289337620731,37.5683434196096,0,0
"YHR092C",1359.18683066128,2.472223141404,0.0475761372177885,51.9635112469712,0,0
"YHR174W",16864.0715593928,1.52625787955651,0.00972232107541855,156.984928569725,0,0
"YCL030C",698.35893429972,2.78023124422693,0.0700530362592557,39.6875195236037,0,0
"YFR015C",994.5883991806,3.29438168989658,0.0640396129331158,51.4428732312497,0,0
"YFR053C",1419.8151036345,1.98980327421861,0.0434084748284166,45.8390506020733,0,0
"YAL038W",3253.04608794442,1.67489901567199,0.0247081337256099,67.7873543292327,0,0
"YJR104C",2484.65759042954,1.04392112545545,0.0285470595637287,36.568429162555,9.08571589856946e-293,1.93839049187756e-290
"YGR234W",415.907549628499,4.36501043655563,0.12436338544067,35.0988389475618,7.02136663262064e-270,1.40132888245238e-267
"YLR258W",675.390437796371,2.35753240666205,0.0679519686697346,34.6941001535998,9.66954977042702e-264,1.81289407362521e-261
"YBR067C",502.612598335088,2.68493188760603,0.0809745742683563,33.1577153923396,4.3841164333638e-241,7.53459121478384e-239
"YPR145W",916.253908039873,1.76961828938042,0.0558053720139292,31.7105365579987,1.11207060394952e-220,1.81062653332517e-218
"YKR080W",346.982476728993,3.65883594269118,0.116499715828563,31.406393712371,1.65497013290321e-216,2.62546159289029e-214
"YPR160W",432.842006405799,2.6622549175434,0.0866705548259984,30.7169479056434,3.38044369541801e-207,5.22870128588781e-205
"YER081W",594.358270569821,-2.94638179539562,0.0989846819142209,-29.7660379203817,1.07542549591697e-194,1.5842041769615e-192
"YLR327C",520.828934242877,2.27740091468468,0.076840503386556,29.6380270080731,4.83855296253432e-193,6.96189004167438e-191
"YOL109W",390.450231970092,2.71673880142777,0.0923955368007785,29.4033553513039,4.97517839211397e-190,6.99577925272935e-188
"YNL208W",1597.55883462765,1.09361512903151,0.0377467820411905,28.9724069150616,1.46543604790433e-184,1.97101148443133e-182
"YOL155C",346.681487012972,2.79710075654625,0.0987642114702994,28.3209951753364,1.90590097019652e-176,2.40649169440937e-174
"YGL234W",672.100160222828,1.86955585698187,0.066020020386337,28.3180139303437,2.07401686009497e-176,2.56638846268151e-174
"YDR342C",309.221743004401,3.16606491482071,0.111951091729911,28.2807864210833,5.95550286867666e-176,7.22484240166716e-174
"YMR122W-A",1409.97038112267,1.12992909750756,0.0414789013267019,27.2410565701309,2.12108753735099e-163,2.43021640622047e-161
"YEL040W",647.251769309427,1.80360689620407,0.0664480448765231,27.1431145875792,3.05317736548653e-162,3.43454697459367e-160
"YOR128C",394.406224198494,2.36085384620345,0.0876191595792362,26.9444931626908,6.61815082689135e-160,7.31187485106728e-158
"YPR149W",420.681777242749,2.25246335143006,0.083865978884289,26.8578913809355,6.82186237267874e-159,7.40471271925673e-157
"YMR008C",373.984288669232,2.38999217696565,0.0894074043020662,26.7314792955064,2.02757224127405e-157,2.1262016028411e-155
"YCL025C",346.616682630508,2.51689313874069,0.0957505845174891,26.2859297561883,2.77767798115143e-152,2.81729404416129e-150
"YMR105C",703.14968534966,1.60457767444415,0.0611948051236016,26.2208151689219,1.5387660550606e-151,1.53553961010644e-149
"YLR355C",1228.20832582639,1.1890818068957,0.0454367759604918,26.1700303720852,5.83131852154732e-151,5.72672503060528e-149
"YIL169C",242.469257183161,3.54401716348716,0.135692679226053,26.1179688079054,2.27900993768542e-150,2.20316163819682e-148
"YAL061W",285.068873865663,2.70275005461935,0.107370162822653,25.1722637236155,8.06373171265465e-140,7.55913759184762e-138
"YLR359W",641.288080753762,1.66040499533096,0.0664844147877917,24.9743492611121,1.16167124727729e-137,1.07272537416487e-135
"YAL005C",809.292563113077,1.35844183234822,0.0567646110496828,23.9311396172388,1.45250491250502e-126,1.28380684195265e-124
"YAR015W",368.253048759804,2.07345215087138,0.0872304011641065,23.7698339478068,6.85283812220924e-125,5.80801499480939e-123
"YER011W",187.260036270054,4.2143938696981,0.177362277254044,23.761500669399,8.35665498726963e-125,6.986841135978e-123
"YOL158C",320.517968280456,2.25307158524716,0.0956513310202697,23.5550468688168,1.11442560935321e-122,9.19326832675775e-121
"YLR413W",331.314599691369,2.17298127721825,0.092321665976512,23.537067428691,1.703091117464e-122,1.3864506241776e-120
"YOL016C",554.253990639175,1.68815405370202,0.0717859109936781,23.5165094422314,2.76482954343647e-122,2.22155849158979e-120
"YDL022W",580.265056211656,1.63128955924686,0.0694134980618837,23.501042373524,3.97985905402057e-122,3.15684461118272e-120
"YGR061C",680.226289783988,1.49884871900825,0.0650377422874235,23.0458294875049,1.61959684579076e-117,1.23709205986512e-115
"YKL182W",1018.32336605366,1.16381942527525,0.0506639494996526,22.971352150176,9.01617928242467e-117,6.8028172219953e-115
"YJL158C",1089.47372548237,1.10117836937002,0.0479788515121838,22.9513282344906,1.42915062916756e-116,1.0653198726096e-114
"YDL229W",650.389043343679,1.45157622314878,0.0635380576262946,22.845775860609,1.60975805737032e-115,1.18566346439883e-113
"YBR296C",174.269053401094,3.95516462008076,0.174597602538188,22.6530293806049,1.30241625717112e-113,9.48005809778558e-112
"YER056C",373.420961528916,1.8837590209649,0.0845387794130553,22.2827799743935,5.42820785483145e-110,3.90515372067933e-108
"YLR180W",687.809160842223,1.36230780058731,0.0616752483897577,22.0884039570977,4.08577745184838e-108,2.87258012438476e-106
"YPL019C",283.594725098606,2.18132470099649,0.100328141268579,21.7419028541261,8.24104997096603e-105,5.60300837036998e-103
"YAL003W",1116.72980771171,1.03519351969617,0.0476626616806203,21.7191714267414,1.35195334450911e-104,9.09188624182377e-103
"YLR194C",614.746807120227,1.41482147341603,0.0654344501854969,21.6219662487455,1.11619275205141e-103,7.42568231929254e-102
"YNL160W",207.176067724472,2.76125534126571,0.128932339500881,21.4163130208836,9.41529027472671e-102,6.13183167681412e-100
"YHR183W",996.376167118011,1.05295156059493,0.0511098934958576,20.6017169783434,2.64883352133186e-94,1.68951886561652e-92
"YLR300W",685.308838249995,1.29999553564915,0.0632172478611575,20.5639375270543,5.77509208701543e-94,3.64596885126168e-92
"YDR055W",255.957187478887,2.15310349077295,0.104904771223504,20.5243619109151,1.3046487401632e-93,8.15339571251488e-92
"YHL021C",345.29413749746,1.79082901984455,0.0875442371427158,20.4562753448307,5.28227300239175e-93,3.26814230657978e-91
"YER072W",428.684082238975,1.55254906942562,0.077749745726461,19.9685420822827,1.03428451210271e-88,6.2736453689995e-87
"YDR019C",147.099528346391,3.1847177166923,0.159781102542512,19.9317545442833,2.15860365392164e-88,1.28416161603973e-86
"YMR300C",229.547621746242,2.20567218608868,0.111057813668346,19.8605763361731,8.92801956794963e-88,5.26072924446708e-86
"YJL012C",381.403742912629,1.65903007162531,0.0859343051280542,19.305794922681,4.80108531693798e-83,2.77610419213974e-81
"YDL039C",153.990590363521,2.7616114783947,0.144661317590489,19.0901861284877,3.04681926800153e-81,1.72941934047022e-79
"YJR148W",312.932282220172,1.73970917959021,0.0913931229403285,19.035449535148,8.67449996139151e-81,4.83505687037201e-79
"YGR008C",479.115302762167,1.40742074840115,0.0744948876043109,18.8928501493532,1.3060036463356e-79,7.15065890254722e-78
"YER055C",500.059458919001,1.42097394893107,0.0756851910945351,18.7747950210787,1.21415636683361e-78,6.58946091368383e-77
"YBR092C",147.112847592667,2.77918695293915,0.14901324766246,18.6506031949218,1.24860644222475e-77,6.65959315348668e-76
"YHL047C",254.06546057477,1.98648515311633,0.107361720122636,18.5027321735088,1.96267515492175e-76,1.03786933192315e-74
"YOR230W",618.026312847029,1.1826674501595,0.0646594687527623,18.2907078108181,9.81325747260584e-75,5.14530711720444e-73
"YDR524W-C",358.68402195737,-1.83479732638098,0.100340767974499,-18.2856615852021,1.07649435095853e-74,5.59686600788269e-73
"YIL121W",131.899969791417,2.99684624724138,0.164711914689076,18.1944715590155,5.70870253895962e-74,2.94331188404526e-72
"YOR273C",271.292357061115,1.74573031430009,0.0975302810590875,17.8993672051705,1.19269384365854e-71,5.9993470005816e-70
"YKL062W",188.883444994785,2.13482143465054,0.12076113773642,17.6780500305498,6.1900322539665e-70,3.03950234565799e-68
"YGR159C",511.876816083201,1.25400891463197,0.0712106431628357,17.6098523891219,2.0698410942236e-69,1.00047709765324e-67
"YDR406W",224.759529271923,1.91554346480467,0.108913580579864,17.587737494316,3.05847359026078e-69,1.46688186844523e-67
"YHR143W",590.618198070326,1.16591504166947,0.0665058009512214,17.531027744852,8.3054600651865e-69,3.9527601094853e-67
"YDL182W",265.403270938479,1.68466475406314,0.0994063911842789,16.9472478981771,2.01675845984821e-64,9.31170491871709e-63
"YCR005C",254.730613133838,-2.10920713540415,0.126222368249764,-16.7102484658705,1.10374679618415e-62,4.94846480289229e-61
"YAL044C",217.926102897221,1.89227038429553,0.114411250771667,16.5391984750868,1.91554104135094e-61,8.52622476463186e-60
"YDR399W",207.888092908205,1.88259559160187,0.114947441686243,16.3778816125421,2.75160802457688e-60,1.17408267917636e-58
"YLR056W",519.441560739488,1.14578102661988,0.0701537474026789,16.3324279748472,5.80282878667868e-60,2.44231984375381e-58
"YDR044W",265.405843669993,1.59771370399823,0.0980960836574649,16.2872323178281,1.21609454807524e-59,5.08376822225777e-58
"YFR055W",168.713062159933,2.09648567862346,0.128858611662729,16.2696590594251,1.62057562424573e-59,6.7291955618848e-58
"YER073W",596.955356747692,1.16620003524785,0.0716958435684214,16.2659364504849,1.72213912342229e-59,7.10324983774246e-58
"YBR218C",557.148679587258,1.08772634337584,0.0670978068105207,16.2110565915738,4.2126337657348e-59,1.7260639144769e-57
"YNL217W",214.123738130976,1.8057820176834,0.112470854640758,16.0555552231841,5.22690866617209e-58,2.12755815247413e-56
"YPR036W-A",741.797333332995,-1.01592863036974,0.0633747943174678,-16.0304840640678,7.82706779177179e-58,3.16510251161386e-56
"YCR021C",109.792059742563,2.72044138722476,0.169789813135505,16.0224063916817,8.91329962480976e-58,3.58094706355182e-56
"YEL071W",542.417619671286,-1.19228021856514,0.0746606211228019,-15.9693316320537,2.09013550809492e-57,8.28953101832262e-56
"YPL163C",212.183503119656,1.72162294608815,0.109255101952661,15.7578265483118,6.06843320647672e-56,2.34658726552947e-54
"YOL143C",455.029392139522,1.17323196467845,0.0748240146031355,15.6798852734812,2.07628895950202e-55,7.97888185865777e-54
"YER053C",240.535685843269,1.60919104006281,0.102715858269602,15.6664323033656,2.56583555294435e-55,9.79927442349796e-54
"YMR251W-A",527.500766794332,1.08613053143594,0.0697084753749924,15.5810398318594,9.79483589042374e-55,3.71783126711974e-53
"YBR093C",153.097910743054,2.05574936429036,0.132130197953252,15.5585127104531,1.39298314641653e-54,5.2551138578531e-53
"YNL327W",400.476722035695,1.24509623445174,0.0808467287241737,15.4007002398286,1.61906532472319e-53,6.071004341856e-52
"YER150W",164.097484483258,1.96399603286876,0.128232836006952,15.3158589798504,5.9915077476721e-53,2.21972804999086e-51
"YMR189W",131.979223976571,2.19929408009338,0.143903191211577,15.2831501621101,9.90353545969557e-53,3.64721273149622e-51
"YNL134C",235.411809563913,1.56119083715895,0.103046824684644,15.1503051349393,7.54156512197393e-52,2.72863528711419e-50
"YHR136C",74.5473132762042,4.44913557386819,0.296341605113091,15.0135367329549,5.98684916828426e-51,2.10458157978265e-49
"YDR011W",291.724448266432,1.36028193890807,0.0925910506417596,14.6912895952665,7.3305293661279e-49,2.53374218928678e-47
"YKL109W",202.283875198947,1.67731521766643,0.115361183766086,14.5396845187326,6.79048757278342e-48,2.30839267103357e-46
"YJL078C",395.869205243443,1.13336191727563,0.0789426147771923,14.356782081192,9.66098471074314e-47,3.24850610898738e-45
"YLR264W",178.07427478571,1.73222919338701,0.121600268199251,14.2452744474924,4.79659874682095e-46,1.5955137874506e-44
"YCL064C",406.927886476366,1.08663232503107,0.0774933521813259,14.0222650646015,1.13919832055344e-44,3.7292169361186e-43
"YGR055W",290.719045401595,1.2981673044994,0.0933228517983836,13.9104975842785,5.46975956484397e-44,1.77180117422459e-42
"YLR438W",95.1510159193427,2.46592821082521,0.178149067543704,13.8419372316965,1.42318704032763e-43,4.56230995777568e-42
"YDR277C",192.667335043046,1.57958537632469,0.115358862972893,13.6927959899871,1.12110797363642e-42,3.57540981076729e-41
"YEL046C",454.655775844208,1.00362777662659,0.0733441423819819,13.6838163762229,1.26855993148237e-42,4.02491297234944e-41
"YDL124W",411.781903404305,1.06883827470783,0.0788497646208994,13.5553768593562,7.36330050335054e-42,2.26650448827014e-40
"YOR197W",353.969561391311,1.10464736769486,0.0824714353774315,13.3943026775202,6.52863324187631e-41,1.9897859048024e-39
"YKL029C",166.582053376649,1.65576344216532,0.123694425342192,13.3859180604523,7.30886464921803e-41,2.21666399925058e-39
"YNR050C",241.836242498035,1.34804031364401,0.101216661934084,13.3183636753592,1.8103184026803e-40,5.384826902588e-39
"YHR025W",390.546131829778,1.07032697236958,0.0804363283581676,13.3065120476859,2.1215719344098e-40,6.28046198956624e-39
"YNL300W",119.680925863243,1.93533927644246,0.146369545227733,13.222281133902,6.52544724549144e-40,1.89544329144862e-38
"YKR058W",223.18897172526,1.36513985146823,0.10409575777591,13.1142697900044,2.72797064005669e-39,7.88689455608913e-38
"YER001W",96.9116212585844,2.22433499099748,0.170353992229117,13.0571345108594,5.78651318894061e-39,1.66517009767328e-37
"YMR006C",179.302473628079,1.53022338897812,0.117410216090169,13.0331366378112,7.92802537452554e-39,2.27086541630507e-37
"YGR032W",328.504668798396,1.13267128668169,0.0870895002740152,13.0058305894269,1.13360501165567e-38,3.23208027977586e-37
"YDR481C",340.75350741035,1.09788397978578,0.0854889624152956,12.8424061863377,9.48789877380242e-38,2.64421755466286e-36
"YDR502C",348.537676206564,1.07604005909713,0.0844548864308987,12.7410041570247,3.4986252087253e-37,9.66339025284975e-36
"YKL096W",411.110840152453,1.00356794964273,0.0788785616226373,12.7229494174083,4.40898146680271e-37,1.2016902350268e-35
"YIL094C",286.682638452519,1.16462572592247,0.091927868712537,12.668908158464,8.79297421098276e-37,2.37563892765722e-35
"YHR216W",230.165498701491,1.26743643567863,0.102133148120421,12.4096481798862,2.31668510934676e-35,6.0992896900121e-34
"YNL220W",323.441644523318,1.05972617366671,0.086110812153369,12.3065402260899,8.35276556068526e-35,2.17136808924201e-33
"YER124C",96.8566169213246,1.9118724819512,0.1606606877477,11.9000640962871,1.18256291440438e-32,2.96215253093922e-31
"YMR195W",145.526942691971,1.53112745942523,0.129976218222294,11.780058539683,4.94587119758754e-32,1.22400420397896e-30
"YBR145W",323.892425614758,1.03409747853592,0.08800201572749,11.7508385459959,6.99215182065243e-32,1.72352363802297e-30
"YIR035C",149.858301226971,1.49465438879907,0.127614905995505,11.7122241883854,1.10346378671892e-31,2.68784663324014e-30
"YGL028C",117.577272545512,1.6744182681685,0.144552358713568,11.5834724737102,4.99796645477733e-31,1.19854335099641e-29
"YPR010C",260.696540975463,1.09048398582908,0.0958549425454981,11.3763980956066,5.48173127236793e-30,1.29448364053971e-28
"YBR054W",66.7330085695908,2.29322843494787,0.202263726582094,11.3378136243183,8.52476574489494e-30,2.00542683131806e-28
"YMR250W",199.432982483006,1.23438627232897,0.109426102755708,11.2805467913329,1.63725144402672e-29,3.83699798643687e-28
"YMR272C",186.222156341325,1.27377859000176,0.11420671207212,11.1532725782123,6.90202882492799e-29,1.61142839018224e-27
"YGL255W",136.63658324473,1.50018044678059,0.135269193460332,11.090333344972,1.39765963691612e-28,3.23869669423223e-27
"YDL048C",206.294368394765,1.236456396978,0.111801289980385,11.0594108278619,1.97389831825158e-28,4.55690630411287e-27
"YKL043W",204.255693721178,1.19893962711992,0.110098571877241,10.8896928150597,1.29074901574291e-27,2.95772746681532e-26
"YNR034W-A",73.9228765981999,2.03867392491463,0.189021670410551,10.7853978884362,4.03493393237433e-27,9.17799126455882e-26
"YBR248C",196.673495616386,1.17933048268793,0.110048588495637,10.7164526034306,8.52090081117426e-27,1.92404428170566e-25
"YHR215W",42.4279024041973,5.249770672592,0.492033200990914,10.6695455957431,1.41315768767953e-26,3.17934785951755e-25
"YER062C",259.253964445559,1.0125568654908,0.0954898442571817,10.6038173312305,2.86060179936534e-26,6.38936582406981e-25
"YGR138C",64.2996297279762,2.19305228041205,0.210668886787008,10.4099485873739,2.23342240046183e-25,4.91750334222681e-24
"YOR204W",152.891176020093,1.29573254111887,0.125457445851816,10.3280640883548,5.26116553866562e-25,1.15020604903619e-23
"YJR070C",192.222677243429,1.13883890926317,0.110914929817222,10.267679122548,9.8546886493231e-25,2.13933188327586e-23
"YER064C",247.655883068965,1.0179966107271,0.100697750631836,10.1094275129247,5.01766159694587e-24,1.06681348111011e-22
"YPL092W",125.56754363639,1.38880145305658,0.13758609424401,10.0940539135701,5.86943006206073e-24,1.24363574636883e-22
"YIR034C",121.284858184144,1.40872993905122,0.139635788633911,10.0886023048472,6.2046661363715e-24,1.3101798425164e-22
"YGL186C",183.314188977187,1.15587802444201,0.11471510741856,10.0760749865714,7.04857490076538e-24,1.47828925122154e-22
"YGR157W",180.632077820849,1.15460941929022,0.114667613167292,10.0691850767464,7.56018852067831e-24,1.58023264788638e-22
"YBR069C",209.031395914465,1.06720200620911,0.106221566494824,10.0469428330368,9.47616519188778e-24,1.96741724973858e-22
"YOR290C",105.902929448178,8.3384025805308,0.840542203485195,9.920266401802,3.39847883507721e-23,6.96238031543799e-22
"YGR208W",122.392486998121,1.40206729767455,0.141623736988,9.89994564112757,4.16501365641448e-23,8.50460049248726e-22
"YFL054C",187.697088711194,-1.27321787013682,0.129514594899709,-9.83069028724329,8.30475619447319e-23,1.68464021558051e-21
"YKL163W",46.7528886652575,2.48716384502881,0.253153093380565,9.82474206345115,8.8099270678994e-23,1.77547292407471e-21
"YOL130W",193.390898360198,1.08436019403377,0.110946554748607,9.77371669170633,1.45995743149454e-22,2.92322220992127e-21
"YNR067C",117.156899672141,1.39315752664455,0.143005189963387,9.74200675514806,1.9957366094053e-22,3.9575712828175e-21
"YPL240C",188.847330694949,1.11399142770697,0.114868954060534,9.69793306483764,3.07668043588359e-22,6.04095118809009e-21
"YIL101C",110.02183304813,1.41493020801773,0.145904531040132,9.69764405485493,3.08540581127601e-22,6.04095118809009e-21
"YBL101C",201.351068492585,1.04939163974937,0.108742489202503,9.65024478881631,4.9038530418215e-22,9.54092414143069e-21
"YBR115C",198.710494436406,1.05021369752807,0.109082754588118,9.62767855921443,6.10940582023398e-22,1.18121543155586e-20
"YGR035C",41.0101227330078,2.81233316796263,0.29304754755482,9.59684935577402,8.24254620584094e-22,1.58868016746224e-20
"YKR039W",161.958506251895,-1.29452220676506,0.135260382981371,-9.57059397756808,1.06293227174104e-21,2.03602537624206e-20
"YOL052C-A",41.2954160384972,2.65485839653775,0.278179297298348,9.54369509996427,1.3783179434084e-21,2.62389326642085e-20
"YPL095C",84.8085866133477,1.62351254621072,0.170516783070499,9.52113051264572,1.71305192885336e-21,3.24643631560666e-20
"YDR343C",64.7001469766311,1.89464676611138,0.199396451189337,9.50190815739406,2.06078896426808e-21,3.8754107361479e-20
"YLR108C",78.2513107298438,-2.06968272082328,0.218148835163955,-9.48748004667438,2.36686670469399e-21,4.43751645513386e-20
"YOR202W",179.595880199347,1.12847669993249,0.119045477229418,9.4793748254522,2.55811059193539e-21,4.78158013060552e-20
"YHR087W",104.70827417936,1.38913907416764,0.148289567052114,9.36774650963439,7.40975986120699e-21,1.35633681246413e-19
"YOR306C",130.324622952773,1.27049767670285,0.135824774055217,9.35394655018061,8.44369222822378e-21,1.54103610076757e-19
"YHR163W",168.413426012171,1.09359468225492,0.117269501867617,9.32548245569812,1.10479806229963e-20,2.00451190951549e-19
"YGR233C",98.613841166937,1.38470233804444,0.153824159290553,9.0018521435825,2.21941322088383e-19,3.95720737683234e-18
"YOR178C",95.6093486740719,1.42977930913638,0.160022688020087,8.93485371872333,4.07717264352768e-19,7.22792754885551e-18
"YPR184W",141.915834722655,1.17351590199728,0.1331433215855,8.81392989165953,1.20833637439802e-18,2.09411124605057e-17
"YMR056C",75.377052649519,-1.85668070888057,0.213484144169245,-8.69704265909621,3.40645403918453e-18,5.74716447340079e-17
"YIL056W",119.772286009814,1.20561165914406,0.139566476305578,8.638261071408,5.70750733594278e-18,9.54387780742648e-17
"YNL221C",106.679298457409,1.29487813451662,0.149912267676247,8.63757285903419,5.74198388030129e-18,9.57564805051862e-17
"YEL065W",107.949416664187,1.24888004118876,0.147257566763579,8.48092270323757,2.23415009913433e-17,3.64714687687179e-16
"YDR111C",119.950514848748,-1.31627074630321,0.155718199076512,-8.45290244884265,2.84149079166421e-17,4.61425289449514e-16
"YGR044C",79.8253964255039,1.42740907612004,0.169841170070528,8.40437613287344,4.30142023839332e-17,6.96672434946059e-16
"YER037W",51.9263890940868,1.80860290985915,0.218014950266583,8.29577470557705,1.07879820123297e-16,1.71141653103292e-15
"YDR216W",129.64016222229,-1.23590952145086,0.149936136946211,-8.24290625744372,1.68077257292304e-16,2.63932484991747e-15
"YBR244W",37.254933587772,2.20602657264285,0.268097803802525,8.22843955211124,1.89667973931069e-16,2.97082469547221e-15
"YHL036W",70.2863384251516,1.4745892045688,0.182463443811565,8.08155964704715,6.39436384097767e-16,9.79255670399228e-15
"YDL037C",21.6825508194183,3.62015012720648,0.451640388909554,8.01555887405689,1.09637333479137e-15,1.66256417214564e-14
"YJR010W",107.458190899529,-1.32686895012617,0.166148513834535,-7.98604164132085,1.39340635409053e-15,2.10268417384344e-14
"YMR081C",72.869140197966,1.45633577115444,0.18465875807826,7.88663254486541,3.10449797880685e-15,4.63949975721691e-14
"YGR211W",92.8718571642886,1.2001357568607,0.155455705013429,7.72011394986774,1.16225753185846e-14,1.71211603562103e-13
"YMR173W",42.5095903421808,1.86910143296771,0.242974149638012,7.69259378313426,1.44181722485235e-14,2.11888911405261e-13
"YIL011W",48.5412191805631,1.75385621608005,0.229072774633946,7.65632764034345,1.9132523854268e-14,2.80504561816009e-13
"YGL162W",69.0667354751619,1.40637111684479,0.183706658019979,7.65552610886773,1.92522428618149e-14,2.81592497839359e-13
"YML035C",130.154251442197,1.01559190696289,0.133080055550255,7.6314358508768,2.32153353463275e-14,3.35591775204973e-13
"YOR108W",95.1916387517773,1.17311221466011,0.154976546203677,7.56961129536566,3.74342631123762e-14,5.38618106689003e-13
"YDL241W",36.023458354829,2.0068216545561,0.266331254535348,7.53505876753847,4.88114947486305e-14,6.94245328758107e-13
"YNL141W",86.849757077867,1.21769229063174,0.162539624497542,7.49166422892874,6.80057192193223e-14,9.56253147295335e-13
"YJL200C",82.3347202613111,1.20605615640409,0.166408512601452,7.24756286532402,4.24337517492158e-13,5.71977390135944e-12
"YDR274C",37.8636304626062,1.84045362385617,0.255766114943572,7.19584619042369,6.20745735142517e-13,8.27705573992835e-12
"YKR053C",74.696997476116,1.26254865183361,0.176472060556255,7.15438267028757,8.40502993060455e-13,1.11115214061219e-11
"YBR070C",53.9675512911328,-1.76040659674957,0.24894674628178,-7.07141837779628,1.53357999260447e-12,2.01022445217031e-11
"YPL093W",96.7398561778705,1.06922114518835,0.15221553430096,7.02438913412274,2.15004816783366e-12,2.78875220427397e-11
"YJL212C",104.983863869633,1.03172140680126,0.14688990543911,7.02377337446745,2.15954989160621e-12,2.79521656472126e-11
"YPL088W",116.344229857127,1.00263458353171,0.143163111212923,7.00344226272446,2.4974886176807e-12,3.20580126091089e-11
"YBR230W-A",91.8818061070418,-1.21964152737577,0.174790770837589,-6.97772268828215,3.00003071530382e-12,3.82704949187314e-11
"YOR348C",38.5373458612356,-2.22908085589242,0.322197495705815,-6.91836803699957,4.56876095987162e-12,5.76876001198484e-11
"YOL105C",120.780629068731,-1.04619293024693,0.15131574351708,-6.91397276932281,4.7126567520295e-12,5.93833143071416e-11
"YHR128W",99.10961189513,1.07225828794772,0.15548951249397,6.89601678434297,5.34808794505851e-12,6.72532929188557e-11
"YNL248C",75.5044947344097,1.20519760623701,0.174926468221848,6.88973840544553,5.58950771309567e-12,7.01466211377747e-11
"YIL047C",87.5570083916855,1.1185300474636,0.164094594395097,6.81637351667097,9.33673539715513e-12,1.15532763804398e-10
"YPL134C",100.057875684691,-1.13237356044757,0.168013749794728,-6.73976720257154,1.58640600591445e-11,1.93591596816424e-10
"YDR525W-A",53.816506478936,-1.64422041592723,0.244832731104557,-6.71568874189891,1.87179967490571e-11,2.26630618173026e-10
"YDR089W",79.704226323699,2.02975288800552,0.304369754669592,6.66870757315856,2.58065865946218e-11,3.08234268843485e-10
"YGR051C",32.7186465734621,-2.46691256333097,0.371097813474542,-6.6476073793957,2.97895650501691e-11,3.55121462361072e-10
"YPR065W",98.6271784973136,-1.11896129478298,0.168591084274559,-6.63713208558938,3.19845019831085e-11,3.80554064941331e-10
"YNL175C",62.8654232295743,1.26452142646501,0.192243421360493,6.57770974692439,4.77749663836762e-11,5.63016603839628e-10
"YNR046W",93.262780517282,1.02074296926733,0.156807636229997,6.5095233485323,7.53896374300889e-11,8.83400921931742e-10
"YPL016W",49.9011242902607,-1.65217762199517,0.255289374104809,-6.47178374653723,9.68526722927669e-11,1.12636745014163e-09
"YBL005W-B",16.2689589269773,2.86885712913525,0.45500804565688,6.30506901255685,2.88065512303925e-10,3.21707820329312e-09
"YGL080W",90.8843872174628,-1.08566936059763,0.1722252809655,-6.30377465207972,2.90482752808654e-10,3.23822845338224e-09
"YER042W",76.9707956500991,-1.20053835979302,0.191257865391789,-6.27706660499287,3.45020310349362e-10,3.83238897689677e-09
"YNL225C",36.4571527956003,-1.94306277870402,0.314824951829195,-6.17188303345856,6.74814168801888e-10,7.33756636621667e-09
"YMR122C",29.146601740754,-2.35276707896847,0.384075967977725,-6.125785717228,9.02371828515969e-10,9.72643641642561e-09
"YMR191W",91.1628941820398,-1.07327211503028,0.175418021757155,-6.11836859337119,9.45381934762997e-10,1.01546493582963e-08
"YDR281C",12.1767721811152,4.14445609545825,0.68216656337015,6.07543130666378,1.23654906343868e-09,1.32133489732213e-08
"YOR120W",71.1913256776946,1.09095602136156,0.180280420030743,6.051439314239,1.43557364631097e-09,1.52609865115567e-08
"YPL230W",82.3289264380056,1.0034186978007,0.16674962981297,6.01751679404717,1.77112945103425e-09,1.86970050942595e-08
"YER079W",96.046184787046,-1.0257128909787,0.170461691837787,-6.01726335061124,1.77390366742045e-09,1.86970050942595e-08
"YDL060W",73.4659774940082,1.05999971184983,0.176836572344778,5.99423353322607,2.04447396345619e-09,2.15121775712644e-08
"YAL025C",66.2568078543893,1.09773971946529,0.184498367945194,5.94986140902546,2.68369631572008e-09,2.79529109517848e-08
"YAR071W",13.1179184903937,3.17710969901144,0.53862356035244,5.89857171664111,3.66661593768465e-09,3.78089213440916e-08
"YHL040C",67.9782016859052,1.08572017918497,0.184309588657864,5.89074169765743,3.84466101788787e-09,3.94476247390916e-08
"YML055W",53.7357448128486,-1.39579311604615,0.238668012057207,-5.84826221165991,4.96735091641896e-09,5.02995091978463e-08
"YMR015C",63.5471203078932,1.15688854356513,0.199380461180602,5.80241683018883,6.53658189382377e-09,6.54398578917276e-08
"YLR213C",35.6651928960468,-1.78218914343904,0.307871189397365,-5.78874933678448,7.09124269026228e-09,7.07637395558915e-08
"YOR092W",71.735807002532,1.02909487878503,0.177797382584202,5.78802040743015,7.12207604440691e-09,7.09569798498318e-08
"YPL056C",41.1179358466765,1.39990289741491,0.241926198281276,5.7864873972322,7.1873476461838e-09,7.14921541590662e-08
"YDL167C",40.7523511280745,1.36211416439419,0.238233094436723,5.71756903722705,1.08058778326715e-08,1.05451050710944e-07
"YLR151C",61.3865043132096,-1.23404610573992,0.216489533784425,-5.70025757905114,1.19626536604397e-08,1.1600774012091e-07
"YML116W",66.8808357832249,1.03170213462418,0.181588673386597,5.6815335195919,1.33492344683839e-08,1.28447455141355e-07
"YOR340C",56.8396932952225,1.11614179739629,0.198532975434684,5.62194665622935,1.88817574791403e-08,1.80838132389228e-07
"YHL048W",58.2137488395391,-1.24040880366963,0.221652660067745,-5.59618279920719,2.19122664467511e-08,2.08392063627805e-07
"YNL188W",48.395735237017,-1.40175302893844,0.25156265698892,-5.57218247619389,2.51567718373552e-08,2.38353671298188e-07
"YIR042C",32.0394603111753,-1.8330742392502,0.329525600384659,-5.56276731492311,2.65529839441934e-08,2.5119772425493e-07
"YPR061C",43.8024525738144,-1.48500885475945,0.268350407785076,-5.53384236311205,3.13290563420752e-08,2.92357272380723e-07
"YLR076C",35.6040891497391,-1.66731829918421,0.303128242670637,-5.50037266239106,3.78989374489963e-08,3.51019050893623e-07
"YMR045C",11.9573218169028,2.8984676421285,0.528081598142922,5.48867381920028,4.04962643455652e-08,3.72288837304624e-07
"YLL052C",12.6551782208584,2.75872522761575,0.503341289438526,5.48082441377518,4.233484743785e-08,3.88613799848632e-07
"YBL084C",74.1214633857369,-1.03381431560489,0.190557381631415,-5.42521264069706,5.78855864357335e-08,5.24360356190166e-07
"YLR312C",34.390357695724,-1.65656897423228,0.306727205363119,-5.40078918748387,6.63483594406326e-08,5.98392565392411e-07
"YBR014C",77.2266496056761,-1.01285262153887,0.188053072853669,-5.38599346540326,7.20455802999011e-08,6.46946306698822e-07
"YNL024C",36.2083827049354,1.36720147688163,0.255813774332493,5.34451860713573,9.06576635644837e-08,8.07048869745987e-07
"YJL077C",40.0669766505646,-1.43888706527253,0.274311447221013,-5.24545030785104,1.5590107641004e-07,1.36237282450412e-06
"YAL054C",64.4150915067555,-1.09166167554638,0.208589718443383,-5.23353539998512,1.6629813943566e-07,1.44913604040623e-06
"YIL113W",44.8109164802811,1.18256233760629,0.226266900198053,5.2264044655722,1.72838057061812e-07,1.5018947458447e-06
"YPL025C",16.6004130591694,-3.61190576585057,0.692655471692013,-5.21457768467119,1.84236482210231e-07,1.5942253362723e-06
"YGL236C",47.0865171371059,1.14087973621038,0.220051521128983,5.18460281645429,2.16475698007981e-07,1.85872631896218e-06
"YDR259C",28.8338015498865,-1.77233055200038,0.342272260407335,-5.17813085375702,2.24120015726279e-07,1.91523554875482e-06
"YDL067C",68.0071560984968,-1.03255258990006,0.199455818988966,-5.17684866319786,2.25665119171652e-07,1.92577943767587e-06
"YGR177C",23.4050838777609,1.68397261956227,0.329111216918823,5.11672812409075,3.10881228841309e-07,2.59921913897456e-06
"YNR053C",34.8613568850273,1.31236666166853,0.257552775422469,5.09552521620404,3.47775723921881e-07,2.88043963039448e-06
"YIL119C",32.0117697759706,1.37246555339876,0.269363321106333,5.09522064014412,3.48335326866871e-07,2.88121746968627e-06
"YJL106W",41.2692870017985,-1.36298400782866,0.269085453237597,-5.06524597085955,4.07873352664805e-07,3.33797940864702e-06
"YKL066W",26.7831210688011,-1.78666861096685,0.355070412500911,-5.03187127979091,4.85715355078933e-07,3.94696852988802e-06
"YDL206W",50.5595603488666,-1.1714081106843,0.235495882125785,-4.97421908234736,6.5511187612156e-07,5.25703914080946e-06
"YGR096W",52.7923434424468,-1.12907826851903,0.228299841696091,-4.94559374255742,7.59121282399757e-07,6.06023661188039e-06
"YLR346C",12.2370447117971,2.39368667641942,0.484275591492673,4.94281916840245,7.70008999324159e-07,6.13923412218888e-06
"YPR015C",22.4541996359715,-1.99058717403645,0.402856441356499,-4.94118244040915,7.76502066162258e-07,6.18303511370128e-06
"YOL014W",32.7878746120612,1.30208360004493,0.264426405795474,4.92418144144064,8.47142076792248e-07,6.71957439629953e-06
"YGR087C",15.7286776691405,-2.77290531845261,0.577973996264078,-4.79762988711634,1.60554095568016e-06,1.22635578923372e-05
"YKL108W",39.4460260270824,-1.31822096935398,0.275170707536625,-4.79055703695686,1.66318935599352e-06,1.26882275530603e-05
"YOR100C",17.3386693522501,-2.40131238369671,0.501558860926351,-4.78769805653841,1.68705214763584e-06,1.28544231987967e-05
"YGR067C",30.2762401931604,-1.53315140255124,0.32134719009183,-4.77101231883534,1.83302328182807e-06,1.38811689653246e-05
"YIL026C",55.5735709882862,-1.05478005014315,0.22119709894103,-4.76850761240927,1.85595661292009e-06,1.40376571688712e-05
"YJR150C",8.48037875101929,2.94151575011785,0.639327363525202,4.60095393680408,4.20560433128103e-06,3.04684707232268e-05
"YOR083W",37.5176330983457,1.15062845627065,0.251389401852285,4.57707623230178,4.71519668723894e-06,3.4040749012774e-05
"YMR292W",37.3191660414619,-1.29736368715669,0.283942644864387,-4.5691047492226,4.89811948035774e-06,3.5320122639829e-05
"YFL053W",17.7915931933462,1.67549359421755,0.368374031814815,4.54834882351272,5.40684625904843e-06,3.88076076621028e-05
"YLL053C",13.8854138911018,1.96494126434666,0.432527680487154,4.54292604379344,5.54787193964462e-06,3.9727643160395e-05
"YHR070W",30.9040337994354,1.27500446486634,0.280682529014727,4.54251452465516,5.55871652383236e-06,3.97592822346252e-05
"YJL069C",36.6301699915485,1.12229200227145,0.248801591656685,4.51079108778398,6.45863055952588e-06,4.59833685521135e-05
"YGR110W",19.2334578462624,-1.92349891502044,0.431180328826739,-4.46100804332695,8.15750281816178e-06,5.71579500973578e-05
"YLR290C",41.7648039590461,-1.13867216536897,0.258474162835104,-4.40536165347946,1.05607535638819e-05,7.34150362918398e-05
"YOL152W",23.9160029571253,1.38236123871832,0.315365314352827,4.38336486545808,1.16860148443465e-05,8.03348598244133e-05
"YKL037W",27.8764443701307,-1.43357722064722,0.328885205964474,-4.35889846867139,1.30718737274672e-05,8.92667580042382e-05
"YDR079W",21.5229310435609,-1.72039147795542,0.395475477738127,-4.35018496670132,1.36022745639014e-05,9.24805194800636e-05
"YGR079W",11.7957454567578,2.06139106229433,0.475861890900557,4.33191037507373,1.47821117347648e-05,9.99529238284041e-05
"YCR097W",30.4987429150676,-1.36404193720823,0.317605258043616,-4.29477126924929,1.74873537670534e-05,0.000117220214254344
"YDR119W-A",10.7172268417326,2.1642730348852,0.505527956440537,4.28121334796996,1.85877045713405e-05,0.000124192363048471
"YJR078W",16.5331573977984,-2.02411259211375,0.474124046854827,-4.26916248087606,1.96208306472435e-05,0.000130812585360448
"YCR025C",14.5810594956937,-2.26731446558844,0.531909538984114,-4.2625941056044,2.02067357413558e-05,0.000134284719690407
"YOR154W",34.8856568383998,-1.21016526928424,0.286936312231808,-4.21753963404459,2.46982418145074e-05,0.000162216583977024
"YPR064W",10.7620865031997,-3.73349811488283,0.889746980909715,-4.19613462589729,2.71508898324492e-05,0.000176452264068659
"YLR112W",22.1816148118662,-1.59136313998364,0.379617185430153,-4.19202080690956,2.76480631781605e-05,0.000178931555317238
"YLR136C",38.0481450901042,1.0458370452597,0.24958577763543,4.19029103007367,2.78596889965573e-05,0.000179549891480937
"YJL103C",35.2579067309699,-1.18178363366331,0.282823482277508,-4.17852019976099,2.93411940819021e-05,0.000188508793130559
"YJL170C",23.5252264405815,-1.54043688026325,0.368846319855631,-4.17636505324545,2.96204329713589e-05,0.000190105413686512
"YGL184C",31.8559731228911,1.12480355116649,0.269702027737543,4.17054169226002,3.03876451977134e-05,0.000194827316930832
"YDR076W",28.3679852848049,-1.34048726963419,0.322011089671277,-4.16286057415792,3.14285289388426e-05,0.000200669049065654
"YDR123C",29.5160004814485,-1.29898100794673,0.316242464106342,-4.10754770589545,3.99882201366213e-05,0.000249654004021469
"YIL020C",29.4827734956848,1.15299622157319,0.282181986800619,4.08600220958775,4.3886960299752e-05,0.00027261909977366
"YLR342W-A",15.2879571958718,-2.03038838955095,0.49701013752853,-4.0852051824283,4.40378839854886e-05,0.000273282234922987
"YBL044W",10.7231201989349,-2.91621451619328,0.71872887735375,-4.05746117636226,4.96090607158653e-05,0.000303591749405597
"YKL042W",41.4041097912647,-1.03857262196322,0.256124886732982,-4.05494614447977,5.0145854867654e-05,0.000306573521804521
"YLR326W",34.7075042884476,-1.14861313641795,0.28488513041978,-4.03184657172336,5.53403124918188e-05,0.000336336457158038
"YOR376W",8.51647617112549,-4.93780372030976,1.22867275512939,-4.01881111117319,5.84925382775719e-05,0.000353756925047251
"YKR097W",22.0862540380287,-1.49878520658005,0.373112822588897,-4.01697587389389,5.8949756621073e-05,0.00035617396895955
"YDR383C",38.3884747916335,-1.08742767886199,0.270978573119152,-4.0129655505413,5.9960666729984e-05,0.000360872222819466
"YJR048W",24.1413649542764,1.27269665212644,0.317379371140003,4.01001693196067,6.07143939054194e-05,0.000364684724266407
"YDR018C",21.1560932234819,-1.59256557003483,0.397363864448361,-4.00782686227824,6.12800171384528e-05,0.000366672597713353
"YOR114W",18.8709475226351,-1.67003557443932,0.419411710943811,-3.98185251117858,6.83802095011092e-05,0.000405237889064524
"YGR050C",22.639611848172,-1.46668528946738,0.369455495521425,-3.96985647052672,7.19159398866844e-05,0.000424160076338338
"YLR227W-B",6.53924216942258,2.92428558771249,0.738341233104362,3.96061530441326,7.47568844043518e-05,0.000438824329990251
"YNL303W",9.81230986813172,-3.13379446558705,0.793354722692926,-3.95005459216256,7.81333700765199e-05,0.000456048264776819
"YNL259C",34.4022757301246,-1.12839011812206,0.287036765385425,-3.93116929326768,8.45337180246779e-05,0.000489251743141892
"YBR085W",26.4583322766488,1.16579149509919,0.298280961730613,3.90836709233912,9.29220426725093e-05,0.000536796151274337
"YDL009C",20.5695249251079,-1.54214962158774,0.396055107632762,-3.89377536576976,9.86960502239428e-05,0.000567502288787671
"YBR111W-A",37.6369758268484,-1.04350111003433,0.268221943762674,-3.89043899762964,0.000100063030547469,0.000573762715474688
"YBR247C",24.1088448942461,1.20683812587995,0.310404844888207,3.88794874098887,0.000101094968842389,0.000578607374863884
"YDR078C",21.6569751888567,-1.45950086863051,0.3767468610501,-3.8739562807835,0.000107082631141897,0.000609494239995325
"YPR158C-D",5.20352721328721,3.45531680897012,0.892715081260597,3.87057066862911,0.000108580874211272,0.000616886931813719
"YMR036C",36.3673576396521,-1.05942561444258,0.273973413970064,-3.86689204288391,0.000110231195342096,0.000625114945537624
"YDL227C",14.0178580721647,1.59795739886494,0.413325951087939,3.86609501450093,0.000110591867170499,0.000626012700991653
"YIL099W",32.5640444002288,1.01908172026268,0.26410104349179,3.85868115774544,0.000114000549221338,0.000644135409068241
"YDL127W",30.3753046058241,-1.1837533002197,0.307296475338025,-3.85215384887698,0.000117083419945818,0.000660341950049932
"RUF21",4.13117660397891,-4.89923816138369,1.28214317003455,-3.82113189531843,0.000132840579718336,0.000737637335225741
"YGR230W",25.2285283982144,-1.30287650950636,0.341483494877125,-3.81534255403815,0.000135994145018528,0.000753935231551387
"YPR044C",9.3601032395745,-3.06093682372955,0.803165271797548,-3.81109210172762,0.000138354203331587,0.000765650676218718
"YBR168W",34.8964049636004,-1.06294793497368,0.280672384023992,-3.78714827491833,0.000152386172284492,0.000834348007012523
"YLR111W",8.87442854529515,-4.06059173563541,1.07734741457089,-3.76906435260975,0.000163860640431389,0.000886193865689689
"YDR536W",22.5721847350721,-1.37877730365332,0.365954363212819,-3.7676208900712,0.000164810735510998,0.000889776632291925
"YMR244W",12.1677464592638,-2.13091818015778,0.567192162771091,-3.75695984540214,0.000171990081064961,0.000926918668596615
"YIL079C",24.4234733615816,1.14291144537983,0.304529578003319,3.75303920516834,0.00017470351933357,0.000939904934014607
"YOR032C",23.6063313332594,1.16194334783207,0.310779728011613,3.73880032415965,0.000184900512542187,0.000989957337036073
"YML122C",8.83530850009171,-2.9633658899546,0.80005617659942,-3.70394726849078,0.000212270401573642,0.00112731070775633
"YOR075W",37.933936555669,-1.01990456438112,0.277992024785767,-3.66882670525207,0.000243666169987187,0.00127867904470799
"YPR143W",20.1918335258686,-1.41139255053204,0.385105532451185,-3.66495007627797,0.000247386835075489,0.00129490892437567
"YPL142C",8.72603002109285,-2.94381012308555,0.803490304504293,-3.66377802766607,0.000248522179262008,0.00129975209052751
"YBR156C",31.2551472624811,-1.07920793917776,0.296267984225989,-3.64267486410058,0.000269819562929176,0.00139696538564252
"YFL014W",10.2383149659097,1.88755285374175,0.522508781914541,3.61248063013508,0.000303281767559893,0.00154309563806995
"YCR072C",16.0137201676713,1.37210782546639,0.381352358328476,3.59800534990931,0.000320667024494948,0.00162439106487009
"YPL018W",20.5856991085925,1.25443164621482,0.348681719399643,3.59764099011181,0.000321116436487539,0.00162448682955716
"YLR273C",22.2419531581885,-1.34817972031498,0.376410014815695,-3.58167866754317,0.000341393540490262,0.00172003406760037
"YDR374W-A",18.8329684901793,-1.45917473591006,0.408302570508562,-3.5737583872974,0.000351893657784015,0.00176574700787486
"SCR1",23.9475760598921,1.09951526904754,0.307934736363391,3.57061136405868,0.000356148992354207,0.00178276198680864
"YCL048W",9.54784336428784,-2.41981364102238,0.678412607008348,-3.5668759926105,0.000361262329704029,0.00180397904267863
"YEL033W",30.5321421573587,-1.08517991954529,0.304898692737385,-3.55914913836635,0.000372058220439727,0.00185191006424827
"YKR045C",28.0146260809516,1.02415766940125,0.287849809755344,3.55795847241214,0.000373748383142866,0.00185882736857308
"RUF20",15.526913087094,-1.64201664140707,0.461695395822407,-3.55649342892447,0.000375837876581935,0.00186322831924073
"YNL054W-B",13.6412868314969,1.48375981603788,0.417370576871407,3.55501776660942,0.000377953549578163,0.00187221666232193
"YOL034W",30.2188640479897,-1.06410728718908,0.302461673928942,-3.51815578273588,0.000434557177266635,0.00212706112005433
"YAL037C-A",3.26211779091044,-4.55838919343003,1.31096676959313,-3.47712032002518,0.000506830318776323,0.00245172727307984
"YKL162C",23.3305918078829,-1.21412924730335,0.357368931798377,-3.39741130039906,0.000680266372946179,0.0031884909465288
"YPR020W",24.1493419436925,-1.14490908487366,0.340154061239307,-3.36585452104358,0.000763069409520251,0.0035390632958784
"YBL039W-B",17.370628231659,-1.40355951011694,0.41911187521403,-3.3488898624029,0.00081136041680953,0.00374618425283624
"YOL084W",19.2308134473552,-1.31192491678988,0.39177931113706,-3.34863245581367,0.000812114513199645,0.00374686986813289
"YHR095W",2.93977723908541,-4.40763838428895,1.32795247185046,-3.31912359645451,0.000903004519795489,0.00413231432246648
"YDR323C",17.2648752274629,-1.39205078666019,0.422311757651838,-3.29626339176619,0.000979801080372363,0.00446722865457908
"YOR064C",25.7710864398998,-1.07988955698344,0.327871698017073,-3.29363456350295,0.000989009890068688,0.00450589410151323
"YOL114C",17.8552391013716,-1.35600577086066,0.411796253752978,-3.29290458206566,0.000991581200673539,0.00451428468621574
"YKL061W",24.9991642630633,-1.07906758330736,0.331981237102007,-3.25038725901185,0.00115247953907477,0.00518573884236772
"YGR225W",8.57291436484303,-2.23118200392519,0.687653136493432,-3.24463291958895,0.00117602117181226,0.00526867703837975
"YGR030C",16.6032538234213,-1.41954070229313,0.438100838713865,-3.24021452791664,0.0011943980199199,0.005331703137983
"YDL214C",17.6498137975968,-1.3310514429717,0.411688252064401,-3.23315381553195,0.00122431623058575,0.00546131544241821
"YOR337W",22.4647333772937,-1.13723633424534,0.352104672967962,-3.22982459920043,0.00123866184068298,0.00551735119388453
"YDR285W",21.2905248739045,-1.18144435059029,0.366297214712573,-3.22537082766885,0.00125809594510073,0.00559585881548398
"YLR313C",17.5330413148087,-1.31769524216775,0.408902301422932,-3.22251852724311,0.00127068947654457,0.00564375864420764
"YIR027C",11.2086491458033,-1.79446023337476,0.558052870412487,-3.21557387931429,0.00130183980504803,0.00574909555591162
"YLL002W",26.7410003434896,-1.02975629021783,0.320525264960276,-3.21271488643946,0.0013148674608646,0.00580248572066283
"YIR028W",19.3446399171673,-1.23593170937073,0.386296186661991,-3.19944061589242,0.00137694550643995,0.00604195875769074
"YDR003W-A",24.7829875037385,-1.06125708104313,0.332151765911921,-3.19509691038209,0.00139783894557829,0.00612061539723489
"YDR222W",17.5086324324729,-1.31826577789195,0.412719759226972,-3.19409417266834,0.00140270351374325,0.00613323437422578
"YLR145W",26.7510128025954,-1.02966890145597,0.323820596027408,-3.17975111554923,0.00147401592924163,0.00642234968606901
"YDR504C",8.46667235682776,-2.21143848315349,0.696096667305072,-3.17691290164488,0.00148851732277083,0.0064673150814488
"YAR009C",3.93190639306749,3.01121943490317,0.948866190296916,3.1734921801365,0.00150616959057504,0.00653025315829558
"YCL037C",3.58631082007351,3.32280117648369,1.04727866473581,3.17279563536409,0.00150978758474002,0.00654135559298776
"YCL027W",19.2625856007254,-1.22494951541405,0.386443875894353,-3.16979926924479,0.0015254427953818,0.00658153038704825
"YDR031W",17.394450333947,-1.30637629106963,0.412223540919659,-3.16909676763034,0.00152913475050683,0.00659286181281238
"YPR012W",12.252953163981,-1.61919064458008,0.511507380095615,-3.16552743437916,0.00154802063068206,0.00666499905499646
"YHR180W",27.2836609390579,-1.01842346988311,0.322991818527375,-3.15309370536515,0.00161549939877891,0.00693622122154413
"YOL163W",10.9948636990431,-1.75832484100398,0.558479538498046,-3.14841407750185,0.00164158975154596,0.00703847248289317
"YMR141C",21.545954262836,-1.12693679505616,0.359255649505178,-3.13686589649557,0.00170764213656942,0.00728633234410691
"YER067C-A",9.29490180702895,1.6189626413961,0.517655949354298,3.12748775207843,0.0017630716565555,0.00747643888903966
"YIR032C",8.26681435358591,-2.16328555969008,0.696547591140832,-3.10572541948923,0.00189812882573002,0.00797265651377572
"YPR158W",22.8277643963777,-1.09666003290889,0.35377836124271,-3.09985050825797,0.00193618337773033,0.0080885662106803
"YNL279W",24.4844756824964,-1.03188119734917,0.336673494748812,-3.06493149429254,0.00217719860585767,0.00892665856490485
"YPL062W",7.45563721748113,-2.30435272256632,0.75241247535228,-3.06261897304058,0.00219409237449543,0.00897214112425856
"YJR094C",14.5713663451024,-1.39534651562351,0.459514376313296,-3.0365677061476,0.00239288361776622,0.00970168475958036
"YHR093W",2.39267583232602,-4.11111165113609,1.3620408179496,-3.01834687841801,0.00254157804401754,0.0102308024452417
"YOL162W",9.29024167652491,-1.86028623436522,0.617323852559295,-3.01346890558799,0.00258279507218854,0.0103764630595003
"YPR014C",12.4984081540855,-1.50323945948671,0.502194764688926,-2.99333956700615,0.00275942543560907,0.0110145581742666
"YPL113C",17.446489184339,-1.20986302790824,0.406150162936924,-2.97885643861268,0.00289326300411101,0.0114527307782693
"YLR307W",7.80990366361504,-2.06730815056739,0.695906502085546,-2.97066939936891,0.00297151473579249,0.0117399499810652
"YDR261C-D",5.23874789658823,2.12420030434922,0.717387758519871,2.96102112019853,0.00306620911910194,0.0120678344910202
"YLR341W",8.50474259336035,-1.94004908197789,0.655683308455762,-2.95882029778525,0.00308819128108769,0.0121158144933986
"YHR175W-A",12.3828873696707,-1.48502366210497,0.503998176814204,-2.94648617876333,0.00321406782328707,0.0125618683655572
"YKL170W",6.80094312540171,1.79078867641634,0.609765412079408,2.93684856658142,0.00331565968788498,0.0129018782949336
"YCL058C",6.4517434792728,-2.43853747108162,0.830856621815742,-2.93496784770455,0.00333582251432929,0.0129640288292433
"snR19",17.3535457803343,-1.19472676815196,0.407215227701782,-2.93389511707283,0.00334737300153943,0.0129844493796392
"YHR085W",16.1847901202943,1.1120306831608,0.379580975382014,2.92962702369802,0.00339369075888136,0.013106594709862
"YDR040C",19.5658842812955,1.00020305788788,0.342243284760259,2.92249140429016,0.0034724320566315,0.0133689714588545
"YHL018W",6.42033529352206,1.8273374818683,0.629103893787248,2.90466725752975,0.00367643713683302,0.0140321508732794
"YKL078W",10.8289167624973,1.35276007553377,0.466944609234475,2.89704613519691,0.00376694355173768,0.0143245726826067
"YBR191W-A",3.8488117074941,-3.7366253969489,1.30226221058786,-2.86933412224421,0.00411337024819678,0.0154990388097402
"YMR294W-A",10.3454110841555,-1.64459653145536,0.574124189269508,-2.86453098857909,0.00417627289730844,0.0156787623881355
"YDL210W",12.1816863819066,-1.45127147517985,0.509028734979661,-2.8510600197017,0.00435737436341152,0.0161722106697223
"YNL146W",11.7134828643344,-1.52926510074214,0.538392106145898,-2.84043001984083,0.00450527566445844,0.0166371792400707
"YNL133C",13.3508584610785,-1.34698097407506,0.475120946777875,-2.83502755079495,0.00458217338647974,0.0168649058549376
"YDL098C",18.16664984191,-1.10313705829672,0.391555405656089,-2.8173204669421,0.00484261799909986,0.0176762699471568
"YKR104W",6.79213050273889,-2.1430287951362,0.765971754598553,-2.79779088754958,0.00514534126159036,0.0186056261750202
"YEL073C",13.2339501087446,1.24423332596089,0.44488627845607,2.7967446653533,0.00516203104063562,0.0186550736264092
"YDR379C-A",11.2764404515596,-1.45640836683043,0.521130854614121,-2.79470761313652,0.00519466738591033,0.0187511126701442
"YOR318C",7.38418394792735,-1.96391145593557,0.703049862247385,-2.79341702686305,0.00521544069332909,0.0188137568755408
"YLR042C",11.2856993420668,-1.45621508626501,0.52133324345389,-2.79325192580742,0.00521810357175174,0.0188137568755408
"YDL244W",4.85409284884293,-3.1150361466265,1.12467157573955,-2.76972959379554,0.00561028480810096,0.0199832078916066
"YOR177C",6.91290820573264,-2.17192854088797,0.784928835647584,-2.76703879670325,0.0056568022751276,0.0201026052132191
"YHR007C-A",6.00252925128132,-2.31788201401888,0.839055495142832,-2.76248952236981,0.00573624028438551,0.0203615138493937
"YDR344C",7.94204835632838,-1.81923944781853,0.662179509502159,-2.74735086439971,0.00600788249990876,0.0212030994653635
"YGR025W",4.74597236840725,-3.07996255147546,1.12554526630614,-2.73641819985029,0.00621120350742882,0.0218469108018545
"YHR032W-A",13.8914693444932,1.13069699313701,0.414252274232498,2.72948892129053,0.00634325804360229,0.0222355453347124
"YOL091W",4.73430343276307,-3.07880199255481,1.12867553563635,-2.72780076766611,0.00637581036714187,0.0223117300574133
"YDL085W",15.4308667793141,-1.16115065666609,0.425753567928215,-2.72728344313458,0.00638581587921988,0.0223341112745808
"YGR153W",19.5469198972772,-1.08315646263041,0.397553691388027,-2.7245539057848,0.00643884184630761,0.0224814415931745
"YAL067C",6.57527132983574,-2.08535302168745,0.771977075959974,-2.70131469784159,0.00690659542747003,0.0237923752281498
"YBR032W",13.5576013885082,-1.2548709287144,0.468664093086861,-2.67754869046865,0.00741630723726642,0.0253226781881718
"YMR133W",17.7104383413476,-1.05231551131856,0.393703051199542,-2.67286602964429,0.00752062783649287,0.0256223152116637
"YDR218C",3.29116951718968,-3.49665865734169,1.31056740686294,-2.66804945631261,0.0076293026784725,0.0259069679866681
"YLR275W",17.8515742374974,-1.06692083164048,0.400657183527834,-2.66292699970114,0.00774642173386762,0.0262470488868778
"YMR244C-A",7.74421725270753,-1.76643769583111,0.665477362001728,-2.65439186468753,0.00794515002745213,0.0268029679497526
"YPL124W",18.9073772696846,-1.00758577707045,0.38078402646593,-2.64608204924427,0.00814300626488701,0.0272918633590769
"YCL036W",10.3363744902753,1.25786638331091,0.476056502699492,2.64226279061023,0.00823541301264934,0.0275418920590602
"YMR193C-A",5.78810996997914,-2.25560396528032,0.854224283323949,-2.64052896799344,0.00827767158188554,0.0276682626024451
"YIL014C-A",11.8774565032692,-1.25352224660741,0.493841793862908,-2.53830733280421,0.0111390117095584,0.0357639156445446
"YAL037W",7.40874504665959,-1.68829247273895,0.669589894390189,-2.5213828447583,0.0116894593604162,0.0371647919131013
"YNR072W",9.22779871500459,1.26141877621994,0.501482680085693,2.51537854907449,0.0118904636892293,0.0376498568532033
"YEL045C",13.36204455478,1.05453413889591,0.41919184601222,2.51563609580603,0.0118817793501056,0.0376498568532033
"YOR390W",2.96408198685312,-3.33281282581986,1.32675752963597,-2.51199842576684,0.0120049624205497,0.037972751787291
"YBR184W",4.67734178776992,-2.38108436450885,0.969168920736442,-2.45683111949105,0.0140168562267054,0.0434515208412793
"YGR144W",12.2556301054864,-1.1727984454218,0.482218430003583,-2.43208963500853,0.0150119917388237,0.0461396884690025
"YBR299W",7.19106278987331,-1.62913796771389,0.672958766651132,-2.42085852573261,0.0154839020389153,0.0473314732780478
"YIR005W",8.55709480978274,-1.4815631529107,0.612629390672931,-2.41836773662344,0.0155903121818327,0.0475742767599276
"YLR408C",14.0691533456406,-1.08382610676329,0.448436989394743,-2.41689720606262,0.0156534370147687,0.047731796357996
"YKL178C",3.99791210089454,-2.79482841220502,1.16132076445384,-2.40659471332144,0.0161020281316695,0.0488349255150191
